{
  "project_info": {
    "project_number": "932996416770",
    "firebase_url": "https://running-app-4e438.firebaseio.com",
    "project_id": "running-app-4e438",
    "storage_bucket": "running-app-4e438.appspot.com"
  },
  "client": [
    {
      "client_info": {
        "mobilesdk_app_id": "1:932996416770:android:d0c442e6b05b0e57",
        "android_client_info": {
          "package_name": "com.example.tracker"
        }
      },
      "oauth_client": [
        {
          "client_id": "932996416770-o59rrc4f7hoaej8hom8b6j2qch2pprlf.apps.googleusercontent.com",
          "client_type": 1,
          "android_info": {
            "package_name": "com.example.tracker",
            "certificate_hash": "5f7ff3e77c01b4f0175b6f978afe16d30401134a"
          }
        },
        {
          "client_id": "932996416770-44pep57prgpr78jtra24trnhgsbr8vrm.apps.googleusercontent.com",
          "client_type": 3
        }
      ],
      "api_key": [
        {
          "current_key": "AIzaSyBH0AlZA0amsDZpK96Whsrrr1_3uV449AA"
        }
      ],
      "services": {
        "appinvite_service": {
          "other_platform_oauth_client": [
            {
              "client_id": "932996416770-44pep57prgpr78jtra24trnhgsbr8vrm.apps.googleusercontent.com",
              "client_type": 3
            }
          ]
        }
      }
    }
  ],
  "configuration_version": "1"
}